Timestamp,ADS1115 (0x48) A0,ADS1115 (0x48) A1,ADS1115 (0x48) A3,ADS1115 (0x49) A0,ADS1115 (0x49) A1
1716405681.3201802
1716405683.6723182
1716405686.0493922
1716405688.8115904
1716405691.004437
1716405693.4498358
1716405695.9176745
1716405698.9764156
1716405701.8498023
1716405706.341559
1716405716.5180538
1716419449.9989724,1023.0,1023.0,2047.0,17516.0,17517.0
1716419451.8684886,1023.0,1023.0,1023.0,17517.0,17517.0
1716419453.8827257,511.0,0.0,0.0,17517.0,17518.0
1716419455.9352252,0.0,0.0,0.0,17517.0,17518.0
1716419457.721361,0.0,0.0,0.0,17517.0,17518.0
1716419459.9449782,0.0,0.0,0.0,17517.0,17518.0
1716419461.8713741,0.0,0.0,0.0,17516.0,17518.0
1716419463.9565518,0.0,0.0,0.0,17518.0,17518.0
1716419465.9581995,0.0,0.0,0.0,17517.0,17517.0
1716419467.9066508,0.0,0.0,0.0,17517.0,17518.0
1716419469.952749,0.0,0.0,0.0,17517.0,17517.0
1716419472.0028129,0.0,0.0,0.0,17517.0,17518.0
1716419473.951902,0.0,0.0,0.0,17517.0,17518.0
1716419475.9982197,0.0,0.0,0.0,17517.0,17518.0
1716419477.956328,0.0,0.0,0.0,17517.0,17518.0
1716419479.9919972,0.0,0.0,0.0,17517.0,17518.0
1716419481.93442,0.0,0.0,0.0,17517.0,17518.0
1716419483.9875617,0.0,0.0,0.0,17517.0,17518.0
1716419486.028687,0.0,0.0,0.0,17517.0,17518.0
1716419487.990781,0.0,0.0,0.0,17517.0,17518.0
1716419490.0237827,0.0,0.0,0.0,17517.0,17518.0
1716419491.9986556,0.0,0.0,0.0,17517.0,17518.0
1716419494.0205815,0.0,0.0,0.0,17517.0,17518.0
1716419496.06817,0.0,0.0,0.0,17517.0,17518.0
1716419498.0086834,0.0,0.0,0.0,17517.0,17518.0
1716419500.0640047,0.0,0.0,0.0,17516.0,17518.0
1716419502.008426,0.0,0.0,0.0,17517.0,17518.0
1716419504.0552092,0.0,0.0,0.0,17517.0,17518.0
1716419506.0246506,0.0,0.0,0.0,17517.0,17518.0
1716419508.051386,0.0,0.0,0.0,17517.0,17518.0
1716419510.0915766,0.0,0.0,0.0,17517.0,17518.0
1716419512.13975,0.0,0.0,0.0,17517.0,17518.0
1716419513.9921076,0.0,0.0,0.0,17518.0,17518.0
1716419516.14265,0.0,0.0,0.0,17517.0,17518.0
1716419518.0756073,0.0,0.0,0.0,17517.0,17519.0
1716419520.1327991,0.0,0.0,0.0,17518.0,17518.0
1716419521.971317,0.0,0.0,0.0,17517.0,17518.0
1716419524.1199436,0.0,0.0,0.0,17517.0,17518.0
1716419526.1701639,0.0,0.0,0.0,17517.0,17518.0
1716419528.1158195,0.0,0.0,0.0,17517.0,17518.0
1716419530.1709132,0.0,0.0,0.0,17517.0,17519.0
1716419532.1142936,0.0,0.0,0.0,17517.0,17518.0
1716419534.182888,0.0,0.0,0.0,17517.0,17518.0
1716419536.206817,0.0,0.0,0.0,17518.0,17518.0
1716419538.1451457,0.0,0.0,0.0,17518.0,17518.0
1716419540.200954,0.0,0.0,0.0,17517.0,17518.0
1716419542.144359,0.0,0.0,0.0,17517.0,17518.0
1716419544.19613,0.0,0.0,0.0,17517.0,17518.0
1716419546.2471352,0.0,0.0,0.0,17517.0,17518.0
1716419548.1921413,0.0,0.0,0.0,17517.0,17518.0
1716419550.3443959,0.0,0.0,0.0,17517.0,17518.0
1716419552.1021109,0.0,0.0,0.0,17517.0,17518.0
1716419554.2282567,0.0,0.0,0.0,17518.0,17518.0
1716419556.279892,0.0,0.0,0.0,17517.0,17518.0
1716419558.2226114,0.0,0.0,0.0,17518.0,17518.0
1716419560.2655356,0.0,0.0,0.0,17517.0,17519.0
1716419562.1148932,0.0,0.0,0.0,17517.0,17519.0
1716419564.2601569,0.0,0.0,0.0,17517.0,17518.0
1716419566.235434,0.0,0.0,0.0,17517.0,17518.0
1716419568.256963,0.0,0.0,0.0,17517.0,17518.0
1716419570.300676,0.0,0.0,0.0,17517.0,17518.0
1716419572.247132,0.0,0.0,0.0,17518.0,17518.0
1716419574.1303363,0.0,0.0,0.0,17517.0,17518.0
1716419576.4747136,0.0,0.0,0.0,17518.0,17518.0
1716419578.2928085,0.0,0.0,0.0,17518.0,17518.0
1716419580.3419986,0.0,0.0,0.0,17517.0,17519.0
1716419582.1862311,0.0,0.0,0.0,17518.0,17518.0
1716419584.578895,0.0,0.0,0.0,17518.0,17518.0
1716419586.3804898,0.0,0.0,0.0,17517.0,17518.0
1716419588.3405926,0.0,0.0,0.0,17517.0,17519.0
1716419590.3695986,0.0,0.0,0.0,17518.0,17518.0
1716419592.314947,0.0,0.0,0.0,17518.0,17518.0
1716419594.395703,0.0,0.0,0.0,17518.0,17519.0
1716419596.4151142,0.0,0.0,0.0,17517.0,17519.0
1716419598.3693085,0.0,0.0,0.0,17517.0,17518.0
1716419600.4164927,0.0,0.0,0.0,17517.0,17519.0
1716419602.4515948,0.0,0.0,0.0,17518.0,17519.0
1716419604.3985915,0.0,0.0,0.0,17517.0,17519.0
1716419606.4462805,0.0,0.0,0.0,17518.0,17519.0
1716419608.418545,0.0,0.0,0.0,17518.0,17519.0
1716419610.3467813,0.0,0.0,0.0,17519.0,17518.0
1716419612.4028282,0.0,0.0,0.0,17517.0,17519.0
1716419614.4335587,0.0,0.0,0.0,17517.0,17519.0
1716419616.482783,0.0,0.0,0.0,17518.0,17519.0
1716419618.4219701,0.0,0.0,0.0,17517.0,17518.0
1716419620.3841712,0.0,0.0,0.0,17518.0,17518.0
1716419622.5471148,0.0,0.0,0.0,17518.0,17518.0
1716419624.4705026,0.0,0.0,0.0,17518.0,17518.0
1716419626.5677311,0.0,0.0,0.0,17517.0,17518.0
1716419628.465714,0.0,0.0,0.0,17518.0,17518.0
1716419630.507221,0.0,0.0,0.0,17517.0,17518.0
1716419632.61956,0.0,0.0,0.0,17518.0,17519.0
1716419634.5420427,0.0,0.0,0.0,17517.0,17518.0
1716419636.5806444,0.0,0.0,0.0,17518.0,17519.0
1716419638.5004091,0.0,0.0,0.0,17518.0,17519.0
1716419640.5515077,0.0,0.0,0.0,17518.0,17519.0
1716419644.3354816,0.0,0.0,0.0,17518.0,17518.0
1716419646.1794765,0.0,0.0,0.0,17518.0,17519.0
1716419648.3347478,0.0,0.0,0.0,17518.0,17519.0
1716419650.3832104,0.0,0.0,0.0,17517.0,17518.0
1716419652.1861932,0.0,0.0,0.0,17518.0,17521.0
1716419654.3751757,0.0,0.0,0.0,17518.0,17519.0
1716419656.3123016,0.0,0.0,0.0,17518.0,17519.0
1716419658.357777,0.0,0.0,0.0,17518.0,17519.0
1716419660.3089504,0.0,0.0,0.0,17517.0,17519.0
1716419662.3594763,0.0,0.0,0.0,17517.0,17519.0
1716419664.405666,0.0,0.0,0.0,17517.0,17519.0
1716419666.359839,0.0,0.0,0.0,17517.0,17519.0
1716419668.3969243,0.0,0.0,0.0,17518.0,17519.0
1716419670.4469361,0.0,0.0,0.0,17517.0,17519.0
1716419672.4163601,0.0,0.0,0.0,17518.0,17518.0
1716419674.4513721,0.0,0.0,0.0,17518.0,17519.0
1716419676.3932602,0.0,0.0,0.0,17518.0,17518.0
1716419678.4314008,0.0,0.0,0.0,17518.0,17519.0
1716419680.5853481,0.0,0.0,0.0,17517.0,17518.0
1716419682.4301615,0.0,0.0,0.0,17517.0,17519.0
1716419684.4784513,0.0,0.0,0.0,17517.0,17519.0
1716419686.5434318,0.0,0.0,0.0,17517.0,17518.0
1716419688.579737,0.0,0.0,0.0,17517.0,17519.0
1716419690.5236344,0.0,0.0,0.0,17518.0,17518.0
1716419692.4682047,0.0,0.0,0.0,17518.0,17518.0
1716419694.5136943,0.0,0.0,0.0,17518.0,17518.0
1716419696.453312,0.0,0.0,0.0,17517.0,17519.0
1716419698.5010726,0.0,0.0,0.0,17518.0,17519.0
1716419700.5757134,0.0,0.0,0.0,17518.0,17519.0
1716419702.3951948,0.0,0.0,0.0,17517.0,17519.0
1716419704.5423174,0.0,0.0,0.0,17518.0,17519.0
1716419706.5954206,0.0,0.0,0.0,17518.0,17518.0
1716419708.5438077,0.0,0.0,0.0,17515.0,17519.0
1716419710.5814185,0.0,0.0,0.0,17518.0,17519.0
1716419712.5372987,0.0,0.0,0.0,17518.0,17519.0
1716419714.5778148,0.0,0.0,0.0,17517.0,17519.0
1716419716.5311964,0.0,0.0,0.0,17518.0,17519.0
1716419718.5708544,0.0,0.0,0.0,17517.0,17519.0
1716419720.5268245,0.0,0.0,0.0,17517.0,17518.0
1716419722.5635166,0.0,0.0,0.0,17518.0,17518.0
1716419724.6179368,0.0,0.0,0.0,17518.0,17518.0
1716419726.561696,0.0,0.0,0.0,17518.0,17519.0
1716419728.6119308,0.0,0.0,0.0,17519.0,17518.0
1716419730.661281,0.0,0.0,0.0,17518.0,17519.0
1716419732.6250515,0.0,0.0,0.0,17518.0,17519.0
1716419734.647232,0.0,0.0,0.0,17518.0,17519.0
1716419736.7021432,0.0,0.0,0.0,17518.0,17519.0
1716419738.6480377,0.0,0.0,0.0,17517.0,17518.0
1716419740.6918826,0.0,0.0,0.0,17518.0,17518.0
1716419742.640152,0.0,0.0,0.0,17518.0,17519.0
1716419744.6807451,0.0,0.0,0.0,17518.0,17519.0
1716419746.7311988,0.0,0.0,0.0,17518.0,17519.0
1716419748.6909099,0.0,0.0,0.0,17517.0,17519.0
1716419750.7234082,0.0,0.0,0.0,17518.0,17519.0
1716419752.6774318,0.0,0.0,0.0,17518.0,17519.0
1716419754.7187707,0.0,0.0,0.0,17518.0,17519.0
1716419756.7772226,0.0,0.0,0.0,17518.0,17519.0
1716419758.7176816,0.0,0.0,0.0,17518.0,17519.0
1716419760.7852652,0.0,0.0,0.0,17518.0,17519.0
1716419762.8106875,0.0,0.0,0.0,17518.0,17519.0
1716419764.8672006,0.0,0.0,0.0,17518.0,17519.0
1716419766.807029,0.0,0.0,0.0,17518.0,17519.0
1716419768.7486417,0.0,0.0,0.0,17518.0,17519.0
1716419770.810581,0.0,0.0,0.0,17518.0,17519.0
1716419772.840649,0.0,0.0,0.0,17518.0,17519.0
1716419774.8114483,0.0,0.0,0.0,17518.0,17519.0
1716419776.8401854,0.0,0.0,0.0,17518.0,17519.0
1716419778.8022397,0.0,0.0,0.0,17518.0,17519.0
1716419780.855154,0.0,0.0,0.0,17518.0,17519.0
1716419783.7200513,0.0,0.0,0.0,17519.0,17525.0
1716419784.907454,0.0,0.0,0.0,17518.0,17519.0
1716419787.1630056,0.0,0.0,0.0,17521.0,17519.0
1716419788.8880136,0.0,0.0,0.0,17518.0,17519.0
1716419792.1443079,0.0,0.0,0.0,17519.0,17522.0
1716419792.9287841,0.0,0.0,0.0,17518.0,17519.0
1716419794.9681523,0.0,0.0,0.0,17518.0,17519.0
1716419798.1431515,0.0,0.0,0.0,17518.0,17519.0
1716419798.7276287,0.0,0.0,0.0,17521.0,17519.0
1716419802.8745418,0.0,0.0,0.0,17518.0,17519.0
1716419803.0282183,0.0,0.0,0.0,17518.0,17519.0
1716419805.251817,0.0,0.0,0.0,17518.0,17519.0
1716419807.149758,0.0,0.0,0.0,17519.0,17519.0
1716419809.3879797,0.0,0.0,0.0,17518.0,17519.0
1716419811.147524,0.0,0.0,0.0,17518.0,17520.0
1716419813.2131584,0.0,0.0,0.0,17518.0,17519.0
1716419815.241129,0.0,0.0,0.0,17518.0,17519.0
1716419817.200915,0.0,0.0,0.0,17518.0,17519.0
1716419819.051195,0.0,0.0,0.0,17518.0,17519.0
1716419821.2275891,0.0,0.0,0.0,17519.0,17519.0
1716419823.2253397,0.0,0.0,0.0,17519.0,17519.0
1716419825.2711172,0.0,0.0,0.0,17518.0,17519.0
1716419827.2166507,0.0,0.0,0.0,17518.0,17520.0
1716419829.2608986,0.0,0.0,0.0,17519.0,17520.0
1716419831.2118702,0.0,0.0,0.0,17518.0,17520.0
1716419833.2790859,0.0,0.0,0.0,17518.0,17519.0
1716419835.2005637,0.0,0.0,0.0,17518.0,17519.0
1716419837.2493298,0.0,0.0,0.0,17518.0,17519.0
1716419839.2958176,0.0,0.0,0.0,17518.0,17519.0
1716419841.1449714,0.0,0.0,0.0,17518.0,17519.0
1716419843.2905228,0.0,0.0,0.0,17518.0,17519.0
1716419845.3420923,0.0,0.0,0.0,17518.0,17523.0
1716419847.2893274,0.0,0.0,0.0,17518.0,17519.0
1716419849.3439016,0.0,0.0,0.0,17518.0,17519.0
1716419851.3900537,0.0,0.0,0.0,17518.0,17519.0
1716419853.3231921,0.0,0.0,0.0,17518.0,17519.0
1716419855.3842857,0.0,0.0,0.0,17519.0,17519.0
1716419857.3276925,0.0,0.0,0.0,17519.0,17519.0
1716419859.36763,0.0,0.0,0.0,17518.0,17520.0
1716419861.4205859,0.0,0.0,0.0,17518.0,17520.0
1716419863.3668568,0.0,0.0,0.0,17518.0,17520.0
1716419865.4050188,0.0,0.0,0.0,17518.0,17520.0
1716419867.4612215,0.0,0.0,0.0,17519.0,17519.0
1716419869.4015172,0.0,0.0,0.0,17518.0,17519.0
1716419871.453089,0.0,0.0,0.0,17518.0,17519.0
1716419873.419382,0.0,0.0,0.0,17518.0,17519.0
1716419875.440424,0.0,0.0,0.0,17519.0,17519.0
1716419877.2879674,0.0,0.0,0.0,17518.0,17519.0
1716419879.4409242,0.0,0.0,0.0,17518.0,17519.0
1716419881.4932237,0.0,0.0,0.0,17519.0,17519.0
1716419883.4338367,0.0,0.0,0.0,17518.0,17519.0
1716419885.4807231,0.0,0.0,0.0,17518.0,17519.0
1716419887.5398788,0.0,0.0,0.0,17518.0,17523.0
1716419889.4700017,0.0,0.0,0.0,17519.0,17519.0
1716419891.5357027,0.0,0.0,0.0,17519.0,17519.0
1716419893.464469,0.0,0.0,0.0,17519.0,17520.0
1716419895.7545352,0.0,0.0,0.0,17518.0,17519.0
1716419897.563877,0.0,0.0,0.0,17519.0,17519.0
1716419901.3751028,0.0,0.0,0.0,17518.0,17519.0
1716419903.195483,0.0,0.0,0.0,17518.0,17519.0
1716419905.2488348,0.0,0.0,0.0,17518.0,17518.0
1716419907.285524,0.0,0.0,0.0,17518.0,17519.0
1716419909.2502632,0.0,0.0,0.0,17518.0,17520.0
1716419911.2918198,0.0,0.0,0.0,17518.0,17519.0
1716419913.2292967,0.0,0.0,0.0,17518.0,17520.0
1716419915.2788043,0.0,0.0,0.0,17518.0,17519.0
1716419917.3274791,0.0,0.0,0.0,17518.0,17519.0
1716419919.3877938,0.0,0.0,0.0,17518.0,17520.0
1716419921.3266547,0.0,0.0,0.0,17518.0,17519.0
1716419923.3622522,0.0,0.0,0.0,17519.0,17519.0
1716419925.3162909,0.0,0.0,0.0,17519.0,17520.0
1716419927.3587606,0.0,0.0,0.0,17518.0,17519.0
1716419929.404171,0.0,0.0,0.0,17518.0,17520.0
1716419931.3620286,0.0,0.0,0.0,17518.0,17520.0
1716419933.399935,0.0,0.0,0.0,17518.0,17519.0
1716419935.4539676,0.0,0.0,0.0,17518.0,17519.0
1716419937.4135487,0.0,0.0,0.0,17518.0,17519.0
1716419939.4502976,0.0,0.0,0.0,17519.0,17519.0
1716419941.3839037,0.0,0.0,0.0,17519.0,17519.0
1716419943.4353452,0.0,0.0,0.0,17519.0,17519.0
1716419945.4821265,0.0,0.0,0.0,17518.0,17520.0
1716419947.4282331,0.0,0.0,0.0,17519.0,17520.0
1716419949.4817233,0.0,0.0,0.0,17518.0,17520.0
1716419951.4440978,0.0,0.0,0.0,17519.0,17519.0
1716419953.3085246,0.0,0.0,0.0,17519.0,17519.0
1716419955.5178452,0.0,0.0,0.0,17519.0,17520.0
1716419957.461438,0.0,0.0,0.0,17519.0,17519.0
1716419959.5178652,0.0,0.0,0.0,17519.0,17519.0
1716419961.4528875,0.0,0.0,0.0,17518.0,17520.0
1716419963.5078175,0.0,0.0,0.0,17519.0,17520.0
1716419965.5693347,0.0,0.0,0.0,17519.0,17520.0
1716419967.4989302,0.0,0.0,0.0,17518.0,17519.0
1716419969.5556242,0.0,0.0,0.0,17519.0,17520.0
1716419971.603499,0.0,0.0,0.0,17518.0,17520.0
1716419973.5423963,0.0,0.0,0.0,17520.0,17520.0
1716419975.6038773,0.0,0.0,0.0,17519.0,17520.0
1716419986.262079,0.0,0.0,0.0,17519.0,17519.0
1716419988.1815872,0.0,0.0,0.0,17519.0,17520.0
1716419990.2367232,0.0,0.0,0.0,17518.0,17520.0
1716419992.2938156,0.0,0.0,0.0,17519.0,17519.0
1716419994.2284048,0.0,0.0,0.0,17519.0,17520.0
1716419996.285006,0.0,0.0,0.0,17518.0,17520.0
1716419998.1150043,0.0,0.0,0.0,17519.0,17520.0
1716420000.3778841,0.0,0.0,0.0,17519.0,17520.0
1716420002.314975,0.0,0.0,0.0,17519.0,17519.0
1716420004.263922,0.0,0.0,0.0,17519.0,17519.0
1716420006.3117754,0.0,0.0,0.0,17519.0,17520.0
1716420008.4485996,0.0,0.0,0.0,17519.0,17521.0
1716420010.2001925,0.0,0.0,0.0,17519.0,17520.0
1716420012.35783,0.0,0.0,0.0,17518.0,17521.0
1716420014.2971766,0.0,0.0,0.0,17519.0,17520.0
1716420016.3555543,0.0,0.0,0.0,17519.0,17520.0
1716420018.3937979,0.0,0.0,0.0,17519.0,17519.0
1716420020.336818,0.0,0.0,0.0,17519.0,17519.0
1716420022.4851484,0.0,0.0,0.0,17519.0,17520.0
1716420024.3418365,0.0,0.0,0.0,17520.0,17520.0
1716420026.4186814,0.0,0.0,0.0,17519.0,17520.0
1716420028.3264174,0.0,0.0,0.0,17519.0,17521.0
1716420030.3818915,0.0,0.0,0.0,17520.0,17520.0
1716420032.421373,0.0,0.0,0.0,17519.0,17520.0
1716420034.3609571,0.0,0.0,0.0,17519.0,17521.0
1716420036.4154868,0.0,0.0,0.0,17519.0,17520.0
1716420038.4764862,0.0,0.0,0.0,17520.0,17520.0
1716420040.310976,0.0,0.0,0.0,17519.0,17520.0
1716420042.4590826,0.0,0.0,0.0,17520.0,17520.0
1716420044.41051,0.0,0.0,0.0,17519.0,17520.0
1716420046.4493814,0.0,0.0,0.0,17519.0,17521.0
1716420048.4899545,0.0,0.0,0.0,17519.0,17520.0
1716420050.438066,0.0,0.0,0.0,17519.0,17520.0
1716420052.562744,0.0,0.0,0.0,17519.0,17520.0
1716420054.4404995,0.0,0.0,0.0,17519.0,17520.0
1716420056.4905865,0.0,0.0,0.0,17520.0,17520.0
1716420058.4258735,0.0,0.0,0.0,17520.0,17520.0
1716420060.4946952,0.0,0.0,0.0,17519.0,17521.0
1716420062.5659976,0.0,0.0,0.0,17519.0,17520.0
1716420064.4756997,0.0,0.0,0.0,17519.0,17520.0
1716420066.417696,0.0,0.0,0.0,17520.0,17520.0
1716420068.4633112,0.0,0.0,0.0,17519.0,17521.0
1716420071.2377083,0.0,0.0,0.0,17519.0,17520.0
1716420073.679543,0.0,0.0,0.0,17520.0,17521.0
1716420078.4570763,0.0,0.0,0.0,17518.0,17521.0
1716420078.5568094,0.0,0.0,0.0,17519.0,17520.0
1716420088.940857,0.0,0.0,0.0,17519.0,17521.0
1716420091.0049865,0.0,0.0,0.0,17519.0,17521.0
1716420093.0465467,0.0,0.0,0.0,17519.0,17520.0
1716420094.9973369,0.0,0.0,0.0,17519.0,17517.0
1716420097.0406904,0.0,0.0,0.0,17519.0,17520.0
1716420098.9848144,0.0,0.0,0.0,17519.0,17520.0
1716420101.0316596,0.0,0.0,0.0,17520.0,17520.0
1716420103.0745354,0.0,0.0,0.0,17519.0,17520.0
1716420104.9280086,0.0,0.0,0.0,17519.0,17524.0
1716420107.1235425,0.0,0.0,0.0,17520.0,17521.0
1716420109.0287073,0.0,0.0,0.0,17519.0,17520.0
1716420111.0669656,0.0,0.0,0.0,17519.0,17520.0
1716420113.0352745,0.0,0.0,0.0,17520.0,17521.0
1716420115.0693085,0.0,0.0,0.0,17518.0,17520.0
1716420116.9179296,0.0,0.0,0.0,17520.0,17521.0
1716420119.0563738,0.0,0.0,0.0,17520.0,17520.0
1716420121.1012573,0.0,0.0,0.0,17519.0,17521.0
1716420131.1369777,0.0,0.0,0.0,17519.0,17520.0
1716420133.1763597,0.0,0.0,0.0,17520.0,17521.0
1716420135.1460137,0.0,0.0,0.0,17521.0,17518.0
1716420137.1708152,0.0,0.0,0.0,17520.0,17520.0
1716420139.2089906,0.0,0.0,0.0,17520.0,17521.0
1716420141.1627054,0.0,0.0,0.0,17519.0,17521.0
1716420143.217137,0.0,0.0,0.0,17520.0,17521.0
1716420145.267851,0.0,0.0,0.0,17520.0,17521.0
1716420147.2123225,0.0,0.0,0.0,17519.0,17520.0
1716420149.2826006,0.0,0.0,0.0,17520.0,17520.0
1716420151.2015705,0.0,0.0,0.0,17520.0,17521.0
1716420153.2499406,0.0,0.0,0.0,17519.0,17520.0
1716420155.294139,0.0,0.0,0.0,17520.0,17520.0
1716420157.240868,0.0,0.0,0.0,17520.0,17520.0
1716420159.2815733,0.0,0.0,0.0,17519.0,17521.0
1716420161.233548,0.0,0.0,0.0,17519.0,17521.0
1716420163.3083267,0.0,0.0,0.0,17519.0,17520.0
1716420165.330877,0.0,0.0,0.0,17519.0,17521.0
1716420167.2810478,0.0,0.0,0.0,17519.0,17520.0
1716420169.3109422,0.0,0.0,0.0,17520.0,17520.0
1716420171.2759163,0.0,0.0,0.0,17519.0,17520.0
1716420173.3247907,0.0,0.0,0.0,17520.0,17520.0
1716420175.3728316,0.0,0.0,0.0,17519.0,17523.0
1716420177.1727006,0.0,0.0,0.0,17520.0,17522.0
1716420179.3514378,0.0,0.0,0.0,17519.0,17520.0
1716420181.3148925,0.0,0.0,0.0,17520.0,17520.0
1716420183.356957,0.0,0.0,0.0,17520.0,17521.0
1716420185.4062421,0.0,0.0,0.0,17520.0,17521.0
1716420187.3478813,0.0,0.0,0.0,17519.0,17521.0
1716420189.3912988,0.0,0.0,0.0,17519.0,17520.0
1716420191.3342397,0.0,0.0,0.0,17520.0,17520.0
1716420193.3820462,0.0,0.0,0.0,17519.0,17520.0
1716420195.433893,0.0,0.0,0.0,17519.0,17521.0
1716420197.3892972,0.0,0.0,0.0,17519.0,17521.0
1716420199.4265573,0.0,0.0,0.0,17520.0,17521.0
1716420201.3737168,0.0,0.0,0.0,17520.0,17520.0
1716420203.411542,0.0,0.0,0.0,17520.0,17520.0
1716420205.470571,0.0,0.0,0.0,17520.0,17520.0
1716420207.4186084,0.0,0.0,0.0,17520.0,17520.0
1716420209.4558356,0.0,0.0,0.0,17520.0,17521.0
1716420211.4285996,0.0,0.0,0.0,17520.0,17521.0
1716420213.453317,0.0,0.0,0.0,17519.0,17521.0
1716420215.4920266,0.0,0.0,0.0,17520.0,17521.0
1716420217.4452884,0.0,0.0,0.0,17520.0,17521.0
1716420219.4944267,0.0,0.0,0.0,17519.0,17520.0
1716420221.4455914,0.0,0.0,0.0,17520.0,17520.0
1716420223.5078154,0.0,0.0,0.0,17519.0,17520.0
1716420225.529802,0.0,0.0,0.0,17519.0,17520.0
1716420227.6765633,0.0,0.0,0.0,17520.0,17520.0
1716420229.5181375,0.0,0.0,0.0,17520.0,17521.0
1716420231.570839,0.0,0.0,0.0,17520.0,17520.0
1716420233.5216265,0.0,0.0,0.0,17519.0,17520.0
1716420235.5733638,0.0,0.0,0.0,17519.0,17520.0
1716420237.5385578,0.0,0.0,0.0,17519.0,17520.0
1716420239.569759,0.0,0.0,0.0,17519.0,17520.0
1716420241.4017715,0.0,0.0,0.0,17519.0,17520.0
1716420243.561771,0.0,0.0,0.0,17519.0,17520.0
1716420245.608117,0.0,0.0,0.0,17520.0,17520.0
1716420247.5605762,0.0,0.0,0.0,17519.0,17520.0
1716420249.5909648,0.0,0.0,0.0,17519.0,17521.0
1716420251.550448,0.0,0.0,0.0,17519.0,17520.0
1716420253.498521,0.0,0.0,0.0,17520.0,17520.0
1716420255.458928,0.0,0.0,0.0,17520.0,17521.0
1716420257.4751525,0.0,0.0,0.0,17524.0,17520.0
1716420259.4335465,0.0,0.0,0.0,17520.0,17520.0
1716420261.57317,0.0,0.0,0.0,17520.0,17521.0
1716420263.6338124,0.0,0.0,0.0,17520.0,17520.0
1716420265.701203,0.0,0.0,0.0,17520.0,17521.0
1716420267.6175616,0.0,0.0,0.0,17520.0,17521.0
1716420269.6747015,0.0,0.0,0.0,17520.0,17521.0
1716420271.6096933,0.0,0.0,0.0,17519.0,17520.0
1716420273.6747766,0.0,0.0,0.0,17519.0,17520.0
1716420275.709284,0.0,0.0,0.0,17520.0,17520.0
1716420277.65753,0.0,0.0,0.0,17519.0,17520.0
1716420279.6103904,0.0,0.0,0.0,17520.0,17521.0
1716420281.7502136,0.0,0.0,0.0,17520.0,17521.0
1716420283.6897702,0.0,0.0,0.0,17519.0,17521.0
1716420285.7405906,0.0,0.0,0.0,17519.0,17520.0
1716420287.6952472,0.0,0.0,0.0,17519.0,17520.0
1716420289.7397494,0.0,0.0,0.0,17519.0,17520.0
1716420291.688269,0.0,0.0,0.0,17520.0,17520.0
1716420293.7279785,0.0,0.0,0.0,17520.0,17520.0
1716420295.7808418,0.0,0.0,0.0,17519.0,17520.0
1716420297.7567053,0.0,0.0,0.0,17520.0,17521.0
1716420299.7777178,0.0,0.0,0.0,17520.0,17520.0
1716420301.727371,0.0,0.0,0.0,17519.0,17521.0
1716420303.5871809,0.0,0.0,0.0,17519.0,17520.0
1716825124.3614433,17628.0,17628.0,17630.0,17671.0,17671.0
1716825132.0151362,17626.0,17628.0,17629.0,17671.0,17671.0
1716825132.5097837,17627.0,17628.0,17629.0,17671.0,17671.0
1716825134.2927034,17628.0,17628.0,17629.0,17671.0,17651.0
1716825136.328728,17628.0,17628.0,17629.0,17671.0,17670.0
1716825138.2258227,17628.0,17628.0,17629.0,17671.0,17670.0
1716825140.2804012,17628.0,17628.0,17630.0,17671.0,17670.0
1716825142.262322,17628.0,17628.0,17630.0,17671.0,17670.0
1716825144.378427,17626.0,17628.0,17629.0,17671.0,17670.0
1716825146.3955784,17628.0,17628.0,17630.0,17670.0,17671.0
1716825148.2985184,17628.0,17628.0,17629.0,17670.0,17671.0
1716825150.3461585,17627.0,17628.0,17630.0,17671.0,17670.0
1716825152.3081455,17627.0,17628.0,17629.0,17670.0,17671.0
1716825154.3414717,17628.0,17628.0,17629.0,17671.0,17671.0
1716825156.299428,17628.0,17628.0,17629.0,17670.0,17670.0
1716825158.340764,17628.0,17628.0,17629.0,17671.0,17671.0
1716825160.2953227,17628.0,17628.0,17629.0,17670.0,17670.0
1716825162.411815,17628.0,17628.0,17629.0,17671.0,17670.0
1716825164.3111498,17628.0,17628.0,17629.0,17670.0,17671.0
1716825166.3403478,17628.0,17628.0,17630.0,17671.0,17670.0
1716964181.092714,17645.0,17646.0,17645.0,17652.0,17652.0
1716964183.071077,17645.0,17646.0,17646.0,17654.0,17652.0
1716964185.0303779,17646.0,17645.0,17650.0,17656.0,17657.0
1716964187.075644,17650.0,17650.0,17650.0,17658.0,17658.0
1716964189.0882494,17652.0,17651.0,17652.0,17659.0,17659.0
1716964191.063228,17654.0,17654.0,17656.0,17661.0,17661.0
1716964193.1154602,17654.0,17654.0,17655.0,17661.0,17661.0
1716964195.0857377,17654.0,17654.0,17654.0,17662.0,17662.0
1716964197.1285145,17654.0,17655.0,17655.0,17661.0,17661.0
1716964199.152664,17654.0,17654.0,17655.0,17661.0,17661.0
1716964201.1619701,17655.0,17654.0,17654.0,17662.0,17662.0
1716964203.1607153,17654.0,17655.0,17655.0,17661.0,17661.0
1716964205.207853,17654.0,17654.0,17654.0,17661.0,17661.0
1716964207.1650376,17656.0,17657.0,17657.0,17663.0,17663.0
1716964209.165104,17654.0,17654.0,17655.0,17661.0,17661.0
1716964211.2422996,17657.0,17657.0,17658.0,17664.0,17664.0
1716964213.2093477,17657.0,17658.0,17657.0,17664.0,17665.0
1716964215.1999586,17654.0,17654.0,17655.0,17664.0,17663.0
1716964217.2255266,17654.0,17655.0,17655.0,17661.0,17661.0
1716964219.2438269,17655.0,17656.0,17655.0,17662.0,17661.0
1716964221.2471142,17657.0,17658.0,17658.0,17664.0,17665.0
1716964223.359218,17658.0,17658.0,17658.0,17664.0,17665.0
1716964225.280577,17655.0,17655.0,17655.0,17662.0,17662.0
1716964227.2862134,17656.0,17657.0,17658.0,17665.0,17662.0
1716964229.3162951,17657.0,17656.0,17657.0,17665.0,17665.0
1716964231.3115814,17657.0,17657.0,17657.0,17665.0,17666.0
1716964233.3433993,17655.0,17655.0,17656.0,17664.0,17664.0
1716964235.3888884,17656.0,17656.0,17657.0,17663.0,17660.0
1716964237.3613448,17653.0,17655.0,17654.0,17662.0,17661.0
1716964239.3826323,17654.0,17654.0,17655.0,17661.0,17662.0
1716964241.4052315,17654.0,17654.0,17655.0,17662.0,17662.0
1716964243.4323566,17654.0,17654.0,17655.0,17662.0,17662.0
1717611879.4313264,12392.0,12344.0,12534.0,12433.0,12446.0
1717611881.431368,12392.0,12344.0,12535.0,12433.0,12446.0
1717611883.4479403,12390.0,12345.0,12535.0,12431.0,12447.0
1717611885.4803047,12390.0,12344.0,12535.0,12433.0,12446.0
1717611979.2048817,12374.0,12324.0,12531.0,12416.0,12453.0
1717611979.407707,12374.0,12325.0,12530.0,12412.0,12430.0
1717611981.39199,12377.0,12328.0,12535.0,12415.0,12251.0
1717611983.4018364,12376.0,12327.0,12534.0,12414.0,12491.0
1717611985.3902335,12422.0,13141.0,13424.0,13029.0,13408.0
1717611987.4074411,12416.0,13045.0,13305.0,12955.0,12899.0
1717611989.7320273,12503.0,13033.0,13305.0,12999.0,13513.0
1717611991.424903,12504.0,13020.0,13311.0,12984.0,12907.0
1717611993.4720094,12477.0,13007.0,13315.0,12990.0,12750.0
1717611995.4023857,12512.0,12993.0,13280.0,12977.0,12830.0
1717611997.4890025,12505.0,12990.0,13240.0,12968.0,13186.0
1717611999.458964,12507.0,13001.0,13247.0,12962.0,13026.0
1717612001.4189835,12514.0,12998.0,13245.0,12951.0,13001.0
1717612003.4723287,12518.0,12993.0,13237.0,12953.0,13005.0
1717612005.4751842,12512.0,12981.0,13230.0,12946.0,13002.0
1717612007.4334624,12512.0,12977.0,13225.0,12942.0,12998.0
1717612009.4917085,12510.0,12974.0,13215.0,12944.0,12995.0
1717612011.5254629,12509.0,12972.0,13218.0,12940.0,12993.0
1717612013.5054953,12495.0,12966.0,13203.0,12935.0,12987.0
1717612015.507402,12395.0,12892.0,13196.0,12919.0,12924.0
1717612017.5224977,12507.0,12878.0,13170.0,12930.0,12997.0
1717612019.5381887,12483.0,12915.0,13308.0,12963.0,13076.0
1717612021.553036,12472.0,12879.0,13262.0,12946.0,12927.0
1717612023.6521094,12471.0,12905.0,13251.0,12921.0,12882.0
1717612025.752898,12469.0,12902.0,13146.0,12917.0,13084.0
1717612027.6715567,12460.0,12883.0,13108.0,12910.0,13149.0
1717612029.5733304,12516.0,12905.0,13198.0,12909.0,12846.0
1717612031.5899658,12470.0,12922.0,13127.0,12905.0,13176.0
1717612033.6326685,12499.0,12920.0,13194.0,12915.0,12851.0
1717612035.5853262,12497.0,12896.0,13121.0,12886.0,13086.0
1717612037.6017616,12469.0,12895.0,13153.0,12870.0,13091.0
1717612039.6087682,12461.0,12936.0,13167.0,12898.0,12916.0
1717612041.6199503,12462.0,13026.0,13178.0,12909.0,12882.0
1717612043.6389887,12477.0,13016.0,13208.0,12895.0,12864.0
1717612045.639798,12465.0,13008.0,13192.0,12915.0,12813.0
1717612047.6390905,12466.0,13017.0,13318.0,12905.0,12892.0
1717612049.6520956,12491.0,13008.0,13306.0,12913.0,12890.0
1717612051.67027,12521.0,13016.0,13254.0,12911.0,12866.0
1717612053.6811087,12457.0,13005.0,13059.0,12885.0,13190.0
1717612055.6876833,12444.0,12993.0,13110.0,12883.0,13095.0
1717612057.7024202,12494.0,12992.0,13247.0,12905.0,12797.0
1717612059.6874435,12550.0,13029.0,13181.0,12887.0,12936.0
1717612061.7038243,12572.0,13013.0,13140.0,12872.0,12985.0
1717612063.7121804,12528.0,12999.0,13321.0,12932.0,13032.0
1717612065.7166314,12521.0,12994.0,13327.0,12914.0,12975.0
1717612067.7202165,12528.0,12996.0,13325.0,12910.0,12969.0
1717612069.7606149,12525.0,12996.0,13301.0,12909.0,12967.0
1717612071.7507265,12524.0,12996.0,13020.0,12904.0,12989.0
1717612073.7669985,12523.0,12995.0,13104.0,12905.0,12967.0
1717612075.8687315,12521.0,12995.0,13224.0,12903.0,12961.0
1717612077.7159102,12516.0,12980.0,13052.0,12901.0,12978.0
1717612079.772356,12520.0,12996.0,13131.0,12898.0,12970.0
1717612081.8223224,12509.0,13007.0,13013.0,12899.0,13034.0
1717612083.7830126,12512.0,13006.0,13239.0,12904.0,12978.0
1717612085.816017,12511.0,13006.0,13178.0,12898.0,12997.0
1717612087.8001134,12511.0,13005.0,13288.0,12899.0,12966.0
1717612089.8375845,12507.0,13006.0,13006.0,12893.0,13006.0
1717612092.5479796,12501.0,13006.0,13237.0,12893.0,12943.0
1717612093.8023405,12494.0,13006.0,13027.0,12903.0,13051.0
1717612095.831985,12493.0,13003.0,13183.0,12896.0,13024.0
1717612098.0035553,12494.0,13004.0,13003.0,12895.0,13007.0
1717612099.865206,12493.0,13003.0,13275.0,12894.0,13000.0
1717612101.8649213,12492.0,13004.0,13030.0,12893.0,12995.0
1717612104.913582,12492.0,13005.0,13133.0,12890.0,12992.0
1717612105.8975127,12491.0,13006.0,13014.0,12892.0,12991.0
1717612107.9308243,12492.0,13006.0,13204.0,12889.0,12989.0
1717612109.913346,12491.0,13006.0,13059.0,12890.0,12986.0
1717612111.9303336,12491.0,13007.0,13231.0,12888.0,12988.0
1717612113.9642997,12492.0,13006.0,13243.0,12888.0,12986.0
1717612115.9461122,12492.0,13006.0,13285.0,12890.0,12984.0
1717612117.9805229,12490.0,13006.0,13260.0,12890.0,12982.0
1717612119.980614,12474.0,13006.0,13123.0,12887.0,12984.0
1717612121.9787722,12491.0,13006.0,13088.0,12887.0,12984.0
1717612123.9800377,12495.0,12998.0,13054.0,12911.0,13033.0
1717612126.0139773,12492.0,12996.0,13202.0,12899.0,13008.0
1717612127.9953475,12502.0,12995.0,13098.0,12896.0,13003.0
1717612130.029814,12499.0,13001.0,13296.0,12887.0,12994.0
1717612132.018832,12497.0,12997.0,13176.0,12889.0,13000.0
1717612134.0280933,12498.0,12997.0,13114.0,12888.0,13000.0
1717612136.0293705,12497.0,12997.0,13094.0,12886.0,12986.0
1717612138.117367,12497.0,12997.0,13071.0,12884.0,12999.0
1717612140.0327473,12497.0,12997.0,13035.0,12883.0,12981.0
1717612142.0456197,12496.0,12997.0,13007.0,12883.0,12979.0
1717612144.1605475,12496.0,12996.0,13267.0,12884.0,12959.0
1717612146.1296809,12495.0,12997.0,13197.0,12882.0,12966.0
1717612148.1493416,12494.0,12997.0,13160.0,12884.0,12960.0
1717612150.2226567,12494.0,12996.0,13214.0,12882.0,12958.0
1717612152.0857124,12494.0,12996.0,13267.0,12886.0,12949.0
1717612154.1442263,12493.0,12996.0,13099.0,12880.0,12990.0
1717612156.1049848,12493.0,12995.0,13125.0,12880.0,12968.0
1717612158.1779137,12493.0,12996.0,13048.0,12879.0,12981.0
1717612160.1325371,12492.0,12996.0,13148.0,12881.0,12965.0
1717612162.1435359,12491.0,12995.0,13030.0,12879.0,12973.0
1717612164.1474473,12491.0,12994.0,13087.0,12879.0,12968.0
1717612166.1439266,12490.0,12996.0,12992.0,12878.0,12976.0
1717612168.1433218,12470.0,12997.0,13044.0,12882.0,13026.0
1717612170.1469865,12466.0,12992.0,13072.0,12887.0,13013.0
1717612172.159757,12466.0,12990.0,13124.0,12884.0,12979.0
1717612174.1765294,12466.0,12991.0,12999.0,12885.0,13032.0
1717612176.1764803,12468.0,12990.0,13056.0,12883.0,12981.0
1717612178.124959,12494.0,12985.0,13000.0,12882.0,12987.0
1717612180.1925857,12550.0,13002.0,12994.0,12882.0,12984.0
1717612182.191908,12534.0,12996.0,13048.0,12880.0,13009.0
1717612184.1545832,12531.0,12995.0,13048.0,12880.0,13002.0
1717612186.2089117,12472.0,12808.0,12773.0,12602.0,12882.0
1717612188.2256444,12521.0,13095.0,13360.0,12920.0,12991.0
1717612190.1977334,12521.0,13099.0,13381.0,12950.0,12903.0
1717612192.2417812,12518.0,13088.0,13249.0,12932.0,12995.0
1717612194.2581038,12515.0,13086.0,13286.0,12942.0,12902.0
1717612196.2583928,12514.0,13082.0,13170.0,12917.0,13014.0
1717612198.2619333,12486.0,13087.0,13201.0,12908.0,12941.0
1717612200.2742758,12517.0,13115.0,13242.0,12904.0,12937.0
1717612202.2926698,12515.0,13110.0,13197.0,12899.0,13062.0
1717612204.3895113,12520.0,13108.0,13223.0,12904.0,12913.0
1717612206.5774221,12517.0,13103.0,13113.0,12896.0,13222.0
1717612208.3577697,12516.0,13101.0,13176.0,12894.0,13023.0
1717612210.3238738,12515.0,13099.0,13205.0,12898.0,12899.0
1717612212.3386111,12514.0,13097.0,13080.0,12896.0,13166.0
1717612214.3570852,12511.0,13096.0,13154.0,12894.0,12977.0
1717612216.3803694,12507.0,13094.0,13191.0,12897.0,12735.0
1717612218.3722422,12512.0,13093.0,13070.0,12893.0,13519.0
1717612220.3988326,12512.0,13093.0,13182.0,12897.0,12660.0
1717612222.39001,12512.0,13093.0,13154.0,12881.0,13132.0
1717612224.404447,12511.0,13093.0,13138.0,12877.0,13487.0
1717612226.405317,12510.0,13092.0,13142.0,12884.0,13449.0
1717612228.4014685,12511.0,13092.0,13189.0,12893.0,12971.0
1717612230.5561056,12508.0,13089.0,13187.0,12891.0,12962.0
1717612232.5899007,12511.0,13086.0,13260.0,12890.0,12950.0
1717612234.5908508,12507.0,13073.0,13151.0,12904.0,13003.0
1717612236.5046408,12505.0,13074.0,13172.0,12897.0,12988.0
1717612241.770519,12506.0,13073.0,13105.0,12895.0,12997.0
1717612242.3543568,12505.0,13072.0,13117.0,12895.0,12968.0
1717612244.0892184,12505.0,13072.0,13308.0,12889.0,12957.0
1717612246.1373138,12505.0,13071.0,13031.0,12893.0,13007.0
1717612248.3542159,12506.0,13079.0,13109.0,12892.0,12994.0
1717612250.5146909,12503.0,13075.0,13354.0,12895.0,12991.0
1717612253.0898366,12493.0,13073.0,13079.0,12924.0,12991.0
1717612254.2358716,12482.0,13071.0,13332.0,12931.0,13003.0
1717612255.9899077,12510.0,13064.0,13244.0,12926.0,13038.0
1717612257.9649043,12505.0,13062.0,13458.0,12920.0,13017.0
1717612260.0035548,12497.0,13059.0,13204.0,12908.0,13234.0
1717612262.0431964,12495.0,13054.0,13196.0,12905.0,13267.0
1717612264.0202384,12494.0,13051.0,13372.0,12907.0,12985.0
1717612266.03583,12493.0,13049.0,13392.0,12904.0,12964.0
1717612268.0407188,12491.0,13046.0,13365.0,12904.0,12938.0
1717612270.0527725,12485.0,13044.0,12991.0,12903.0,13021.0
1717612272.1767275,12485.0,13043.0,13040.0,12900.0,13046.0
1717612274.0683217,12485.0,13042.0,13184.0,12898.0,12906.0
1717612276.0604706,12486.0,13042.0,13028.0,12896.0,13063.0
1717612278.1036482,12496.0,13041.0,13195.0,12897.0,12894.0
1717612280.1015964,12496.0,13043.0,13195.0,12899.0,12919.0
1717612282.080597,12513.0,13045.0,13012.0,12892.0,13080.0
1717612284.1180875,12525.0,13047.0,13098.0,12899.0,12984.0
1717612286.1167605,12526.0,13064.0,13278.0,12896.0,12823.0
1717612288.0972981,12507.0,13051.0,13205.0,12887.0,12916.0
1717612290.1675012,12513.0,13049.0,13254.0,12887.0,12705.0
1717612292.1679013,12505.0,13047.0,13192.0,12887.0,12757.0
1717612294.1674373,12521.0,13047.0,13232.0,12889.0,12738.0
1717612296.1836138,12516.0,13048.0,13106.0,12891.0,13374.0
1717612298.2845852,12518.0,13045.0,13106.0,12890.0,13352.0
1717612300.1708896,12511.0,13046.0,13177.0,12889.0,12731.0
1717612741.248795,12372.0,12371.0,12521.0,12424.0,13084.0
1717612743.2527087,12645.0,12364.0,12538.0,12425.0,12863.0
1717612745.2703786,12644.0,12365.0,12537.0,12428.0,12125.0
1717612747.270549,12632.0,12362.0,12540.0,12429.0,12004.0
1717612749.2697816,12627.0,12362.0,12538.0,12430.0,12090.0
1717612751.299474,12618.0,12362.0,12538.0,12429.0,11965.0
1717612753.3190544,12610.0,12362.0,12536.0,12428.0,12908.0
1717612755.8720157,12606.0,12363.0,12537.0,12430.0,11898.0
1717612757.3494127,12602.0,12363.0,12535.0,12426.0,12166.0
1717612759.368602,12603.0,12362.0,12538.0,12430.0,12574.0
1717612761.385038,12602.0,12360.0,12539.0,12429.0,12437.0
1717612763.382485,12598.0,12360.0,12537.0,12431.0,11911.0
1717612765.3472736,12594.0,12360.0,12534.0,12431.0,12144.0
1717612767.398706,12593.0,12360.0,12535.0,12428.0,12752.0
1717612769.3879106,12592.0,12360.0,12534.0,12430.0,12022.0
1717612771.4009478,12592.0,12362.0,12534.0,12429.0,12934.0
1717612774.4206238,12593.0,12361.0,12534.0,12430.0,11957.0
1717612775.7582963,12591.0,12362.0,12534.0,12428.0,12947.0
1717612777.5317154,12591.0,12361.0,12534.0,12429.0,12850.0
1717612779.4949868,12590.0,12358.0,12536.0,12428.0,12197.0
1717612783.0076718,12589.0,12361.0,12537.0,12430.0,12818.0
1717612787.938152,12590.0,12359.0,12535.0,12431.0,11842.0
1717612788.2367988,12590.0,12360.0,12535.0,12431.0,12271.0
1717612790.216053,12591.0,12360.0,12535.0,12429.0,12929.0
1717612792.1952393,12590.0,12357.0,12542.0,12433.0,12621.0
1717612794.1454217,12588.0,12353.0,12544.0,12434.0,12122.0
1717612796.1797063,12588.0,12353.0,12539.0,12431.0,12922.0
1717612798.1692579,12585.0,12353.0,12537.0,12430.0,12821.0
1717612800.216793,12586.0,12354.0,12536.0,12430.0,12954.0
1717612802.18396,12586.0,12354.0,12535.0,12429.0,12758.0
1717612806.3810947,12585.0,12353.0,12535.0,12432.0,11920.0
1717612806.614904,12584.0,12354.0,12534.0,12430.0,12983.0
1717612809.069504,12582.0,12354.0,12533.0,12430.0,12972.0
1717612813.8515942,12584.0,12355.0,12533.0,12428.0,12260.0
1717612814.5615692,12585.0,12363.0,12541.0,12435.0,11995.0
1717612816.093334,12583.0,12354.0,12537.0,12436.0,12923.0
1717612818.138768,12575.0,12353.0,12532.0,12434.0,11947.0
1717612820.1933198,12571.0,12347.0,12531.0,12434.0,12218.0
1717612822.0611176,12560.0,12354.0,12530.0,12433.0,12382.0
1717612824.111426,12566.0,12355.0,12529.0,12432.0,12926.0
1717612826.0941894,12572.0,12354.0,12529.0,12429.0,12466.0
1717612828.1091337,12572.0,12355.0,12528.0,12429.0,12745.0
1717612830.1112723,12490.0,12361.0,12530.0,12430.0,12865.0
1717612832.12962,12608.0,12358.0,12530.0,12432.0,11910.0
1717612834.1431317,12592.0,12356.0,12530.0,12434.0,11914.0
1717612836.2576835,12585.0,12359.0,12529.0,12428.0,12356.0
1717612838.1432347,12581.0,12357.0,12531.0,12432.0,11898.0
1717612840.1459937,12584.0,12356.0,12531.0,12432.0,11923.0
1717612842.1914716,12583.0,12356.0,12531.0,12430.0,12076.0
1717612844.1784525,12582.0,12357.0,12531.0,12432.0,11902.0
1717612846.1953406,12582.0,12356.0,12531.0,12431.0,12253.0
1717612848.207698,12578.0,12357.0,12530.0,12429.0,12547.0
1717612850.2264335,12560.0,12356.0,12530.0,12431.0,12797.0
1717612852.2092912,12530.0,12356.0,12529.0,12429.0,12332.0
1717612854.224116,12580.0,12358.0,12531.0,12434.0,11977.0
1717612856.2444293,12569.0,12359.0,12530.0,12428.0,12501.0
1717612858.2585826,12565.0,12358.0,12531.0,12431.0,12568.0
1717612860.2443347,12559.0,12358.0,12531.0,12431.0,12383.0
1717612862.277404,12560.0,12358.0,12530.0,12432.0,11934.0
1717612865.3896308,12559.0,12358.0,12529.0,12428.0,12390.0
1717612866.289811,12563.0,12358.0,12531.0,12432.0,11910.0
1717612868.4906006,12561.0,12357.0,12531.0,12431.0,12791.0
1717612871.2063742,12560.0,12357.0,12530.0,12428.0,12778.0
1717612872.313237,12563.0,12358.0,12530.0,12428.0,12728.0
1717612874.3281186,12563.0,12361.0,12531.0,12429.0,12870.0
1717612876.3736527,12564.0,12362.0,12531.0,12430.0,12906.0
1717612878.4400396,12564.0,12359.0,12531.0,12431.0,11969.0
1717612880.372152,12560.0,12359.0,12530.0,12429.0,12368.0
1717612883.22217,12562.0,12357.0,12531.0,12431.0,12963.0
1717612885.5009441,12564.0,12356.0,12532.0,12431.0,12853.0
1717612895.340457,12559.0,12357.0,12531.0,12429.0,12831.0
1717612900.0873954,12562.0,12358.0,12531.0,12428.0,12525.0
1717612900.2940524,12562.0,12358.0,12530.0,12432.0,12346.0
1717612902.3712344,12561.0,12357.0,12530.0,12430.0,12134.0
1717612904.3032668,12562.0,12357.0,12530.0,12428.0,12193.0
1717612906.3094847,12561.0,12357.0,12529.0,12431.0,12595.0
1717612908.3044276,12554.0,12357.0,12530.0,12429.0,12906.0
1717612911.136571,12557.0,12358.0,12529.0,12428.0,12230.0
1717612912.3708856,12551.0,12357.0,12530.0,12433.0,12240.0
1717612914.352895,12551.0,12359.0,12529.0,12429.0,12644.0
1717612916.3543735,12560.0,12358.0,12529.0,12431.0,12019.0
1717612918.360174,12552.0,12359.0,12529.0,12429.0,12808.0
1717612920.3864617,12546.0,12354.0,12529.0,12431.0,12984.0
1717612922.6017303,12551.0,12356.0,12528.0,12431.0,12953.0
1717612924.3859377,12549.0,12356.0,12529.0,12433.0,11963.0
1717612926.4175708,12571.0,12356.0,12530.0,12431.0,12924.0
1717612928.452752,12560.0,12355.0,12529.0,12434.0,12239.0
1717612930.5695913,12556.0,12356.0,12529.0,12430.0,12543.0
1717612932.434836,12556.0,12355.0,12528.0,12434.0,11915.0
1717612934.518917,12555.0,12356.0,12528.0,12429.0,12740.0
1717612936.43581,12554.0,12356.0,12528.0,12430.0,12888.0
1717612938.5182917,12553.0,12355.0,12529.0,12434.0,11917.0
1717612941.1343324,12553.0,12356.0,12528.0,12429.0,12253.0
1717612942.5519044,12553.0,12355.0,12529.0,12432.0,12097.0
1717612944.7680607,12553.0,12356.0,12529.0,12431.0,12738.0
1717612946.6189353,12551.0,12356.0,12529.0,12392.0,12471.0
1717612948.5685425,12552.0,12356.0,12528.0,12432.0,12380.0
1717612950.7004356,12550.0,12353.0,12528.0,12431.0,12380.0
1717612952.571837,12549.0,12355.0,12528.0,12430.0,12380.0
1717612954.772553,12542.0,12356.0,12528.0,12431.0,12381.0
1717612956.5995812,12549.0,12356.0,12528.0,12430.0,12381.0
1717612959.9708898,12549.0,12355.0,12528.0,12431.0,12381.0
1717612960.6201472,12548.0,12356.0,12528.0,12430.0,12381.0
1717612962.630559,12548.0,12356.0,12528.0,12430.0,12381.0
1717612966.297299,12548.0,12356.0,12528.0,12431.0,12381.0
1717612966.6791992,12549.0,12356.0,12527.0,12431.0,12381.0
1717612968.6609354,12548.0,12356.0,12528.0,12431.0,12381.0
1717612970.661566,12548.0,12356.0,12528.0,12431.0,12380.0
1717612972.6703217,12547.0,12356.0,12528.0,12431.0,12380.0
1717612974.6861632,12547.0,12356.0,12528.0,12431.0,12381.0
1717612976.708954,12546.0,12356.0,12528.0,12431.0,12381.0
1717612978.701227,12546.0,12356.0,12528.0,12431.0,12381.0
1717612981.1423004,12546.0,12356.0,12528.0,12431.0,12381.0
1717612982.7376988,12546.0,12356.0,12528.0,12431.0,12381.0
1717612984.9611003,12544.0,12356.0,12528.0,12430.0,12381.0
1717612986.8689249,12544.0,12356.0,12528.0,12431.0,12381.0
1717612989.8049257,12543.0,12355.0,12528.0,12430.0,12381.0
1717612990.7768238,12544.0,12356.0,12528.0,12431.0,12380.0
1717612992.7385032,12538.0,12356.0,12528.0,12431.0,12381.0
1717613018.271776,12541.0,12357.0,12528.0,12431.0,12381.0
1717613020.242512,12542.0,12357.0,12528.0,12431.0,12382.0
1717613022.2713263,12541.0,12357.0,12528.0,12431.0,12382.0
1717613025.5822065,12545.0,12354.0,12524.0,12432.0,12382.0
1717613027.00685,12546.0,12354.0,12514.0,12431.0,12381.0
1717613028.416171,12541.0,12355.0,12528.0,12430.0,12381.0
1717613030.2892435,12545.0,12355.0,12528.0,12431.0,12381.0
1717613032.3034177,12544.0,12355.0,12528.0,12431.0,12382.0
1717613034.3178072,12543.0,12356.0,12528.0,12431.0,12382.0
1717613036.3272107,12543.0,12356.0,12528.0,12431.0,12382.0
1717613038.440981,12543.0,12356.0,12528.0,12431.0,12381.0
1717613058.4148192,12536.0,12356.0,12528.0,12431.0,12382.0
1717613061.6062376,12541.0,12350.0,12527.0,12430.0,12382.0
1717613062.6259701,12541.0,12356.0,12527.0,12431.0,12381.0
1717613064.6819634,12540.0,12356.0,12527.0,12430.0,12381.0
1717613066.5587857,12540.0,12356.0,12528.0,12430.0,12382.0
1717613068.5982013,12540.0,12356.0,12527.0,12431.0,12382.0
1717613070.5290055,12540.0,12356.0,12528.0,12431.0,12382.0
1717613072.5957313,12538.0,12356.0,12528.0,12430.0,12383.0
1717613074.6768687,12539.0,12356.0,12528.0,12431.0,12383.0
1717613076.5827713,12539.0,12356.0,12528.0,12431.0,12382.0
1717613078.6106992,12539.0,12356.0,12528.0,12431.0,12382.0
1717613080.7896621,12537.0,12357.0,12528.0,12431.0,12383.0
1717613129.6780567,12442.0,12375.0,12552.0,12441.0,12397.0
1717613132.0912435,12556.0,12369.0,12545.0,12441.0,12393.0
1717613136.598245,12549.0,12369.0,12544.0,12441.0,12339.0
1717613136.9882228,12549.0,12369.0,12544.0,12441.0,12393.0
1717613143.7588658,12540.0,12369.0,12543.0,12440.0,12391.0
1717613144.2737858,12540.0,12369.0,12542.0,12441.0,12392.0
1717613146.380036,12539.0,12369.0,12543.0,12440.0,12392.0
1717613152.9644954,12536.0,12368.0,12543.0,12439.0,12390.0
1717613153.469759,12537.0,12368.0,12542.0,12440.0,12391.0
1717613155.248076,12538.0,12368.0,12537.0,12440.0,12390.0
1717613157.4672883,12537.0,12368.0,12542.0,12440.0,12390.0
1717613159.3461506,12537.0,12368.0,12542.0,12440.0,12390.0
1717613161.18704,12536.0,12368.0,12542.0,12440.0,12389.0
1717613163.1627116,12536.0,12368.0,12542.0,12439.0,12389.0
1717613165.1811504,12536.0,12368.0,12539.0,12439.0,12390.0
1717613167.1979356,12535.0,12367.0,12541.0,12439.0,12390.0
1717613169.5361233,12535.0,12368.0,12541.0,12439.0,12389.0
1717613171.4279823,12534.0,12368.0,12541.0,12439.0,12389.0
1717613173.5858614,12533.0,12369.0,12541.0,12439.0,12388.0
1717613175.2705803,12533.0,12368.0,12541.0,12439.0,12389.0
1717613177.4687893,12534.0,12368.0,12540.0,12439.0,12388.0
1717613179.4756691,12529.0,12368.0,12541.0,12438.0,12388.0
1717613181.4729803,12531.0,12368.0,12540.0,12440.0,12388.0
1717613183.4862695,12529.0,12368.0,12540.0,12439.0,12388.0
1717613185.4754066,12531.0,12368.0,12540.0,12439.0,12387.0
1717613187.4854987,12529.0,12365.0,12541.0,12439.0,12388.0
1717613189.4516761,12528.0,12369.0,12540.0,12439.0,12387.0
1717613191.4159865,12529.0,12369.0,12540.0,12439.0,12387.0
1717613193.3751128,12530.0,12369.0,12541.0,12438.0,12387.0
1717613195.43103,12529.0,12368.0,12540.0,12438.0,12387.0
1717613197.454144,12529.0,12369.0,12540.0,12438.0,12387.0
1717613199.4809144,12528.0,12368.0,12540.0,12439.0,12387.0
1717613201.49474,12529.0,12369.0,12540.0,12438.0,12387.0
1717613203.5073955,12528.0,12369.0,12540.0,12438.0,12387.0
1717613205.5528605,12528.0,12368.0,12540.0,12438.0,12387.0
1717613207.5564625,12528.0,12368.0,12540.0,12438.0,12386.0
1717613209.5621617,12528.0,12368.0,12540.0,12439.0,12386.0
1717613211.5716429,12529.0,12368.0,12540.0,12438.0,12386.0
1717613213.9053092,12529.0,12369.0,12539.0,12439.0,12386.0
1717613215.551518,12529.0,12368.0,12540.0,12438.0,12386.0
1717613217.5732408,12535.0,12363.0,12549.0,12439.0,12395.0
1717613219.6367629,12531.0,12362.0,12545.0,12438.0,12394.0
1717613221.6338172,12531.0,12362.0,12544.0,12438.0,12393.0
1717613223.6016474,12529.0,12361.0,12544.0,12438.0,12392.0
1717613225.6223972,12530.0,12361.0,12544.0,12438.0,12391.0
1717613228.6861248,12530.0,12360.0,12544.0,12439.0,12391.0
1717613229.6404111,12529.0,12359.0,12544.0,12439.0,12392.0
1717613231.6625292,12521.0,12360.0,12543.0,12438.0,12391.0
1717613234.6901073,12528.0,12360.0,12542.0,12439.0,12391.0
1717613235.6701543,12529.0,12360.0,12542.0,12436.0,12391.0
1717613237.670707,12529.0,12359.0,12542.0,12438.0,12390.0
1717613240.702187,12527.0,12359.0,12541.0,12439.0,12390.0
1717613241.6342962,12528.0,12360.0,12542.0,12438.0,12390.0
1717613244.1021867,12528.0,12358.0,12540.0,12438.0,12388.0
1717613245.7185733,12528.0,12358.0,12540.0,12438.0,12388.0
1717613247.7360353,12527.0,12358.0,12539.0,12437.0,12387.0
1717613249.7771502,12527.0,12359.0,12538.0,12437.0,12386.0
1717613540.748065,12561.0,12787.0,13041.0,12732.0,12788.0
1717613554.3262541,12560.0,12786.0,13027.0,12728.0,12771.0
1717613555.7748685,12560.0,12786.0,13016.0,12727.0,12767.0
1717613557.2026553,12559.0,12785.0,13014.0,12730.0,12798.0
1717613558.968662,12515.0,12762.0,13067.0,12757.0,12860.0
1717613561.287951,12541.0,12993.0,13041.0,12736.0,12806.0
1717613562.621419,12544.0,12982.0,13035.0,12733.0,12794.0
1717613569.842453,12572.0,12968.0,13031.0,12745.0,12901.0
1717613570.7292876,12546.0,12936.0,13020.0,12735.0,12818.0
1717613577.4864955,12555.0,12944.0,13020.0,12730.0,12802.0
1717613579.9565809,12551.0,12933.0,13019.0,12729.0,12800.0
1717613580.2977333,12552.0,12944.0,13017.0,12714.0,12798.0
1717613582.6572769,12553.0,12943.0,13014.0,12727.0,12797.0
1717613585.9249926,12565.0,12936.0,13014.0,12726.0,12792.0
1717613586.4572082,12567.0,12934.0,13014.0,12726.0,12789.0
1717613590.903871,12581.0,12940.0,13005.0,12732.0,12885.0
1717613591.5012395,12573.0,12941.0,13011.0,12784.0,12893.0
1717613595.2102745,12570.0,12942.0,13009.0,12779.0,12882.0
1717613595.5546188,12569.0,12942.0,13007.0,12776.0,12871.0
1717613601.937336,12562.0,12941.0,12997.0,12765.0,12846.0
1717613602.2593648,12565.0,12942.0,12995.0,12762.0,12844.0
1717613604.3151727,12565.0,12942.0,12994.0,12760.0,12843.0
1717613609.4322898,12564.0,12941.0,12993.0,12758.0,12842.0
1717613609.8631227,12562.0,12942.0,12991.0,12757.0,12840.0
1717657502.8284965,12396.0,12413.0,12578.0,12482.0,12419.0
1717657504.8449943,12412.0,13028.0,13259.0,12657.0,12746.0
1717657506.8477867,12600.0,13160.0,13394.0,12894.0,12937.0
1717657508.9117525,12611.0,13115.0,13334.0,12869.0,12908.0
1717657510.87546,12609.0,13096.0,13305.0,12858.0,12893.0
1717657512.8719678,12604.0,13082.0,13280.0,12849.0,12884.0
1717657515.8679438,12605.0,13054.0,13279.0,12952.0,12915.0
1717657516.894325,12606.0,13051.0,13271.0,12946.0,12911.0
1717657518.885927,12607.0,13045.0,13259.0,12937.0,12903.0
1717657521.0366478,12607.0,13041.0,13251.0,12930.0,12898.0
1717657522.9160047,12611.0,13035.0,13243.0,12924.0,12894.0
1717657524.9369361,12618.0,13027.0,13233.0,12918.0,12890.0
1717657526.9007385,12618.0,13021.0,13219.0,12907.0,12888.0
1717657528.9399266,12614.0,13018.0,13213.0,12900.0,12883.0
1717657530.9453824,12613.0,13015.0,13206.0,12898.0,12880.0
1717657532.9731007,12611.0,13007.0,13201.0,12892.0,12869.0
1717657534.9989197,12609.0,12994.0,13192.0,12884.0,12862.0
1717657543.8555026,12619.0,12993.0,13174.0,12870.0,12855.0
1717657551.786963,12618.0,12992.0,13145.0,12865.0,12851.0
1717657552.015446,12625.0,12931.0,13150.0,12853.0,12811.0
1717657554.0112493,12630.0,12929.0,13146.0,12852.0,12810.0
1717657556.0635073,12632.0,12932.0,13141.0,12848.0,12804.0
1717657558.1023953,12635.0,12931.0,13135.0,12847.0,12803.0
1717657560.0900757,12635.0,12926.0,13130.0,12844.0,12801.0
1717657562.0786157,12638.0,12922.0,13127.0,12843.0,12800.0
1717657564.0995138,12652.0,12917.0,13126.0,12842.0,12799.0
1717657566.0936348,12651.0,12915.0,13124.0,12842.0,12798.0
1717657568.1072507,12649.0,12913.0,13122.0,12840.0,12797.0
1717657570.1241493,12653.0,12909.0,13120.0,12840.0,12797.0
1717657572.1289546,12652.0,12906.0,13117.0,12839.0,12797.0
1717657574.14475,12651.0,12902.0,13115.0,12838.0,12796.0
1717657576.1952975,12652.0,12898.0,13112.0,12838.0,12795.0
1717657578.1785185,12649.0,12895.0,13110.0,12837.0,12794.0
1717657580.193973,12649.0,12893.0,13108.0,12836.0,12794.0
1717657582.2472515,12683.0,12859.0,13115.0,12838.0,12843.0
1717657584.2234962,12663.0,12858.0,13111.0,12841.0,12859.0
1717657586.2092636,12651.0,12851.0,13084.0,12825.0,12834.0
1717657588.246973,12652.0,12851.0,13085.0,12824.0,12832.0
1717657590.2254925,12653.0,12851.0,13082.0,12822.0,12820.0
1717657592.255568,12650.0,12849.0,13079.0,12819.0,12808.0
1717657594.2903552,12650.0,12849.0,13077.0,12819.0,12806.0
1717657596.2273638,12647.0,12850.0,13077.0,12818.0,12805.0
1717657598.2437992,12664.0,12830.0,13080.0,12818.0,12803.0
1717657600.2223735,12693.0,12832.0,13066.0,12814.0,12803.0
1717657602.260281,12679.0,12839.0,13062.0,12811.0,12801.0
1717657604.2753353,12676.0,12986.0,13061.0,12809.0,12798.0
1717657606.2803073,12674.0,12982.0,13080.0,12808.0,12795.0
1717657608.2764194,12668.0,12979.0,13075.0,12806.0,12791.0
1717657610.3271258,12664.0,12978.0,13073.0,12806.0,12790.0
1717657612.2991562,12664.0,12978.0,13072.0,12806.0,12789.0
1717657614.3299778,12661.0,12985.0,13074.0,12804.0,12784.0
1717657616.3388865,12655.0,12984.0,13069.0,12804.0,12782.0
1717657618.328757,12661.0,12938.0,13070.0,12803.0,12782.0
1717657621.1535463,12658.0,12968.0,13070.0,12802.0,12776.0
1717657625.2017508,12651.0,12954.0,13069.0,12801.0,12772.0
1717657625.4249098,12652.0,12954.0,13069.0,12800.0,12772.0
1717657628.4765558,12651.0,12954.0,13067.0,12800.0,12771.0
1717657629.4248886,12651.0,12953.0,13067.0,12799.0,12771.0
1717657631.4592624,12651.0,12953.0,13066.0,12799.0,12771.0
1717657633.5324523,12667.0,12940.0,13083.0,12797.0,12773.0
1717657635.4418578,12645.0,12935.0,13084.0,12797.0,12781.0
1717657637.4729898,12646.0,12938.0,13078.0,12796.0,12774.0
1717657639.5846477,12601.0,12940.0,13073.0,12794.0,12772.0
1717657642.1285102,12646.0,12941.0,13071.0,12794.0,12771.0
1717657645.3427162,12640.0,12942.0,13070.0,12793.0,12770.0
1717657645.9306545,12636.0,12942.0,13069.0,12793.0,12770.0
1717657647.6536598,12633.0,12942.0,13069.0,12792.0,12770.0
1717657649.582924,12632.0,12943.0,13068.0,12791.0,12770.0
1717657651.5824745,12599.0,12922.0,13104.0,12791.0,12769.0
1717657653.631261,12636.0,12921.0,13084.0,12788.0,12770.0
1717657655.6156013,12634.0,12919.0,13075.0,12785.0,12767.0
1717657657.937104,12635.0,12923.0,13074.0,12784.0,12764.0
1717657659.6430266,12637.0,12924.0,13071.0,12782.0,12761.0
1717657661.659178,12639.0,12928.0,13070.0,12782.0,12761.0
1717657663.655078,12669.0,12920.0,13068.0,12782.0,12760.0
1717657665.682159,12659.0,12921.0,13066.0,12781.0,12759.0
1717657667.6862714,12657.0,12925.0,13065.0,12780.0,12760.0
1717657669.6942613,12658.0,12926.0,13064.0,12781.0,12759.0
1717657671.721723,12653.0,12928.0,13062.0,12780.0,12759.0
1717657673.7087421,12649.0,12920.0,13068.0,12780.0,12758.0
1717657675.7215595,12649.0,12921.0,13064.0,12780.0,12758.0
1717657677.7424192,12646.0,12920.0,13064.0,12779.0,12758.0
1717657679.738185,12644.0,12920.0,13063.0,12778.0,12757.0
1717657681.7465832,12643.0,12923.0,13063.0,12780.0,12757.0
1717657683.8274665,12638.0,12923.0,13063.0,12779.0,12757.0
1717657688.0667007,12632.0,12924.0,13083.0,12785.0,12759.0
1717657688.393652,12630.0,12926.0,13077.0,12783.0,12758.0
1717657690.4727519,12629.0,12929.0,13075.0,12782.0,12757.0
1717657692.528142,12712.0,12921.0,13075.0,12781.0,12758.0
1717657694.380285,12689.0,12922.0,13072.0,12783.0,12782.0
1717657699.5423536,12662.0,12959.0,13163.0,12845.0,12804.0
1717657701.0200078,12644.0,12941.0,13116.0,12837.0,12807.0
1717657701.939627,12629.0,12935.0,13109.0,12829.0,12791.0
1717657703.8127732,12631.0,12936.0,13108.0,12828.0,12789.0
1717657705.8167582,12634.0,12939.0,13107.0,12828.0,12788.0
1717657707.9042962,12636.0,12941.0,13106.0,12826.0,12786.0
1717657709.8188627,12636.0,12940.0,13105.0,12826.0,12785.0
1717657711.8381217,12636.0,12941.0,13105.0,12826.0,12784.0
1717657713.9196723,12634.0,12942.0,13102.0,12824.0,12782.0
1717657715.8430374,12629.0,12942.0,13103.0,12823.0,12782.0
1717657717.9269965,12629.0,12944.0,13102.0,12822.0,12780.0
1717657719.8071685,12628.0,12944.0,13102.0,12822.0,12780.0
1717657721.8537714,12628.0,12946.0,13102.0,12821.0,12778.0
1717657723.89761,12627.0,12936.0,13111.0,12823.0,12784.0
1717657725.859822,12619.0,12933.0,13103.0,12823.0,12790.0
1717657727.8762863,12624.0,12935.0,13101.0,12822.0,12786.0
1717657729.9314232,12624.0,12936.0,13100.0,12822.0,12785.0
1717657731.8781486,12625.0,12937.0,13100.0,12822.0,12785.0
1717657733.9402473,12622.0,12938.0,13099.0,12821.0,12781.0
1717657736.916779,12641.0,12941.0,13100.0,12821.0,12781.0
1717657737.9402692,12640.0,12942.0,13101.0,12843.0,12781.0
1717657740.0372539,12635.0,12942.0,13104.0,12840.0,12788.0
1717657741.9578333,12630.0,12922.0,13095.0,12858.0,12797.0
1717657743.9496713,12622.0,12925.0,13090.0,12853.0,12784.0
1717657746.0933187,12619.0,12928.0,13090.0,12852.0,12784.0
1717657748.0036058,12623.0,12928.0,13089.0,12850.0,12782.0
1717657750.0934608,12623.0,12935.0,13090.0,12850.0,12782.0
1717657751.9656777,12626.0,12930.0,13092.0,12847.0,12779.0
1717657754.0373163,12625.0,12932.0,13083.0,12835.0,12768.0
1717657755.9754624,12624.0,12934.0,13073.0,12824.0,12762.0
1717657757.9861796,12624.0,12934.0,13073.0,12824.0,12762.0
1717657760.0127144,12623.0,12935.0,13074.0,12824.0,12761.0
1717657762.0394585,12618.0,12930.0,13074.0,12821.0,12757.0
1717657764.0256388,12618.0,12932.0,13073.0,12822.0,12755.0
1717657767.0498002,12619.0,12933.0,13073.0,12822.0,12755.0
1717657768.0574234,12619.0,12933.0,13073.0,12822.0,12755.0
1717657770.0310621,12615.0,12934.0,13073.0,12821.0,12755.0
1717657772.050549,12613.0,12935.0,13072.0,12821.0,12755.0
1717657774.220682,12614.0,12936.0,13072.0,12821.0,12754.0
1717657776.1445298,12613.0,12938.0,13072.0,12821.0,12753.0
1717657778.2493525,12613.0,12938.0,13071.0,12821.0,12753.0
1717657780.2321575,12611.0,12939.0,13071.0,12821.0,12753.0
1717657782.3395498,12610.0,12940.0,13070.0,12821.0,12753.0
1717657784.278318,12607.0,12940.0,13069.0,12820.0,12753.0
